{"admin":{"bootstrap":{"css":{"bootstrap-responsive.css":"nochange","bootstrap-responsive.min.css":"nochange","bootstrap.css":"nochange","bootstrap.min.css":"nochange"},"img":{"glyphicons-halflings-white.png":"nochange","glyphicons-halflings.png":"nochange"},"js":{"bootstrap.js":"nochange","bootstrap.min.js":"nochange"},"index.html":"nochange"},"css":{"admin-j25.css":"nochange","admin-j30.css":"nochange","admin.css":"nochange","file-manager.css":"nochange","index.html":"nochange"},"fonts":{"fa3":{"css":{"font-awesome-ie7.css":"nochange","font-awesome-ie7.min.css":"nochange","font-awesome.css":"nochange","font-awesome.min.css":"nochange"},"font":{"FontAwesome.otf":"nochange","fontawesome-webfont.eot":"nochange","fontawesome-webfont.svg":"nochange","fontawesome-webfont.ttf":"nochange","fontawesome-webfont.woff":"nochange"},"less":{"bootstrap.less":"nochange","core.less":"nochange","extras.less":"nochange","font-awesome-ie7.less":"nochange","font-awesome.less":"nochange","icons.less":"nochange","joomla3-compat.less":"nochange","mixins.less":"nochange","path.less":"nochange","variables.less":"nochange"}},"fa4":{"css":{"font-awesome.css":"nochange","font-awesome.min.css":"nochange"},"fonts":{"FontAwesome.otf":"nochange","fontawesome-webfont.eot":"nochange","fontawesome-webfont.svg":"nochange","fontawesome-webfont.ttf":"nochange","fontawesome-webfont.woff":"nochange"}},"glyphicon":{"css":{"glyphicon.css":"nochange"},"fonts":{"glyphicons-halflings-regular.eot":"nochange","glyphicons-halflings-regular.svg":"nochange","glyphicons-halflings-regular.ttf":"nochange","glyphicons-halflings-regular.woff":"nochange"}}},"images":{"blank.gif":"nochange","dot-2.png":"nochange","dot.png":"nochange","index.html":"nochange","loading.gif":"nochange","notice-alert.png":"nochange","notice-info.png":"nochange","notice-note.png":"nochange","search-invert.png":"nochange","selector-arrow.png":"nochange"},"js":{"admin.js":"nochange","index.html":"nochange","jimgload.js":"nochange","jquery-1.8.3.js":"nochange","jquery-1.8.3.min.js":"nochange","jquery.noconflict.js":"nochange","json2.js":"nochange"},"layout":{"css":{"layout-preview.css":"nochange","layout-preview.css.bs3":"nochange","layout.css":"nochange"},"images":{"grouper.gif":"nochange","resizer.gif":"nochange"},"js":{"layout.js":"nochange"},"layout.tpl.php":"nochange"},"megamenu":{"css":{"megamenu.css":"updated"},"images":{"ajaxloader.gif":"nochange","grid-bg.jpg":"nochange"},"js":{"megamenu.js":"updated"},"megamenu.tpl.php":"updated"},"plugins":{"chosen":{"chosen-sprite.png":"nochange","chosen-sprite@2x.png":"nochange","chosen.css":"nochange","chosen.jquery.js":"nochange","chosen.jquery.min.js":"nochange","chosen.min.css":"nochange"},"miniColors":{"images":{"colors.png":"nochange","trigger.png":"nochange"},"jquery.miniColors.css":"nochange","jquery.miniColors.js":"nochange","jquery.miniColors.min.js":"nochange"}},"thememagic":{"css":{"thememagic.css":"nochange"},"images":{"dot.png":"nochange"},"js":{"thememagic.js":"nochange"},"thememagic.tpl.php":"nochange"},"tour":{"css":{"index.html":"nochange","tour.css":"nochange"},"img":{"close.gif":"nochange","index.html":"nochange","leftright.png":"nochange","topbottom.png":"nochange","webtreats-paper-pattern-6-grey.jpg":"nochange"},"js":{"tour.js":"nochange"},"tour.tpl.php":"nochange"},"tpls":{"default.php":"nochange","default_assignment.php":"nochange","default_overview.php":"nochange","index.html":"nochange","toolbar.php":"nochange"},"frameworkInfo.php":"nochange","framework_preview.png":"nochange"},"base":{"bootstrap":{"css":{"bootstrap-responsive.css":"nochange","bootstrap-responsive.min.css":"nochange","bootstrap-theme.css":"nochange","bootstrap-theme.min.css":"nochange","bootstrap.css":"nochange","bootstrap.min.css":"nochange","docs.css":"nochange","navbar.css":"nochange"},"img":{"glyphicons-halflings-white.png":"nochange","glyphicons-halflings.png":"nochange"},"js":{"google-code-prettify":{"prettify.css":"nochange","prettify.js":"nochange"},"tests":{"unit":{"bootstrap-affix.js":"nochange","bootstrap-alert.js":"nochange","bootstrap-button.js":"nochange","bootstrap-carousel.js":"nochange","bootstrap-collapse.js":"nochange","bootstrap-dropdown.js":"nochange","bootstrap-modal.js":"nochange","bootstrap-phantom.js":"nochange","bootstrap-popover.js":"nochange","bootstrap-scrollspy.js":"nochange","bootstrap-tab.js":"nochange","bootstrap-tooltip.js":"nochange","bootstrap-transition.js":"nochange","bootstrap-typeahead.js":"nochange"},"vendor":{"jquery.js":"nochange","qunit.css":"nochange","qunit.js":"nochange"},"index.html":"nochange","phantom.js":"nochange","server.js":"nochange"},"README.md":"nochange","affix.js":"nochange","alert.js":"nochange","application.js":"nochange","bootstrap-affix.js":"nochange","bootstrap-alert.js":"nochange","bootstrap-button.js":"nochange","bootstrap-carousel.js":"nochange","bootstrap-collapse.js":"nochange","bootstrap-dropdown.js":"nochange","bootstrap-modal.js":"nochange","bootstrap-popover.js":"nochange","bootstrap-scrollspy.js":"nochange","bootstrap-tab.js":"nochange","bootstrap-tooltip.js":"nochange","bootstrap-transition.js":"nochange","bootstrap-typeahead.js":"nochange","bootstrap.js":"nochange","bootstrap.min.js":"nochange","button.js":"nochange","carousel.js":"nochange","collapse.js":"nochange","dropdown.js":"nochange","jquery.js":"nochange","modal.js":"nochange","popover.js":"nochange","scrollspy.js":"nochange","tab.js":"nochange","tooltip.js":"nochange","transition.js":"nochange"},"less":{"accordion.less":"nochange","alerts.less":"nochange","bootstrap.less":"nochange","breadcrumbs.less":"nochange","button-groups.less":"nochange","buttons.less":"nochange","carousel.less":"nochange","close.less":"nochange","code.less":"nochange","component-animations.less":"nochange","dropdowns.less":"nochange","forms.less":"nochange","grid.less":"nochange","hero-unit.less":"nochange","labels-badges.less":"nochange","layouts.less":"nochange","media.less":"nochange","mixins.less":"nochange","modals.less":"nochange","navbar.less":"nochange","navs.less":"nochange","pager.less":"nochange","pagination.less":"nochange","popovers.less":"nochange","progress-bars.less":"nochange","reset.less":"nochange","responsive-1200px-min.less":"nochange","responsive-767px-max.less":"nochange","responsive-768px-979px.less":"nochange","responsive-navbar.less":"nochange","responsive-utilities.less":"nochange","responsive.less":"nochange","scaffolding.less":"nochange","sprites.less":"nochange","tables.less":"nochange","thumbnails.less":"nochange","tooltip.less":"nochange","type.less":"nochange","utilities.less":"nochange","variables.less":"nochange","wells.less":"nochange"}},"css":{"layout-preview.css":"nochange","megamenu-responsive.css":"nochange","megamenu.css":"updated","off-canvas.css":"nochange","thememagic.css":"nochange"},"etc":{"assets.xml":"nochange"},"html":{"com_contact":{"categories":{"default.php":"nochange","default_items.php":"nochange","index.html":"nochange"},"category":{"default.php":"nochange","default_children.php":"nochange","default_items.php":"nochange","index.html":"nochange"},"contact":{"default.php":"nochange","default_address.php":"nochange","default_articles.php":"nochange","default_form.php":"nochange","default_links.php":"nochange","default_profile.php":"nochange","index.html":"nochange"},"featured":{"default.php":"nochange","default_items.php":"nochange","index.html":"nochange"},"index.html":"nochange"},"com_content":{"archive":{"default.php":"nochange","default_items.php":"nochange","index.html":"nochange"},"article":{"default.php":"nochange","default_links.php":"nochange","index.html":"nochange"},"categories":{"default.php":"nochange","default_items.php":"nochange","index.html":"nochange"},"category":{"blog.php":"nochange","blog_children.php":"nochange","blog_item.php":"nochange","blog_links.php":"nochange","default.php":"nochange","default_articles.php":"nochange","default_children.php":"nochange","index.html":"nochange"},"featured":{"default.php":"nochange","default_item.php":"nochange","default_links.php":"nochange","index.html":"nochange"},"form":{"edit.php":"nochange"},"icon.php":"nochange","index.html":"nochange"},"com_finder":{"search":{"default_form.php":"nochange"}},"com_newsfeeds":{"category":{"default_items.php":"nochange","index.html":"nochange"},"index.html":"nochange"},"com_search":{"search":{"default.php":"nochange","default_form.php":"nochange","default_results.php":"nochange"}},"com_users":{"login":{"default_login.php":"nochange","default_logout.php":"nochange","index.html":"nochange"},"profile":{"default.php":"nochange","default_core.php":"nochange","default_custom.php":"nochange","default_params.php":"nochange","edit.php":"nochange","index.html":"nochange"},"registration":{"complete.php":"nochange","default.php":"nochange","index.html":"nochange"},"remind":{"default.php":"nochange","index.html":"nochange"},"reset":{"complete.php":"nochange","confirm.php":"nochange","default.php":"nochange","index.html":"nochange"},"index.html":"nochange"},"com_weblinks":{"categories":{"default.php":"nochange","default_items.php":"nochange","index.html":"nochange"},"category":{"default.php":"nochange","default_children.php":"nochange","default_items.php":"nochange","index.html":"nochange"},"form":{"edit.php":"nochange","index.html":"nochange"},"index.html":"nochange"},"layouts":{"joomla":{"content":{"info_block":{"author.php":"nochange","block.php":"nochange","category.php":"nochange","create_date.php":"nochange","hits.php":"nochange","index.html":"nochange","modify_date.php":"nochange","parent_category.php":"nochange","publish_date.php":"nochange"},"associations.php":"nochange","blog_style_default_item_title.php":"nochange","blog_style_default_links.php":"nochange","categories_default.php":"nochange","categories_default_items.php":"nochange","category_default.php":"nochange","fulltext_image.php":"nochange","icons.php":"nochange","index.html":"nochange","intro_image.php":"nochange","item_title.php":"nochange","options_default.php":"nochange","tags.php":"nochange"},"edit":{"associations.php":"nochange","details.php":"nochange","fieldset.php":"nochange","frontediting_modules.php":"updated","global.php":"nochange","index.html":"nochange","item_title.php":"nochange","metadata.php":"nochange","params.php":"nochange","publishingdata.php":"nochange","title_alias.php":"nochange"},"editors":{"buttons":{"button.php":"nochange","index.html":"nochange"},"buttons.php":"nochange","index.html":"nochange"},"form":{"index.html":"nochange","renderfield.php":"nochange"},"links":{"groupclose.php":"nochange","groupopen.php":"nochange","groupsclose.php":"nochange","groupseparator.php":"nochange","groupsopen.php":"nochange","index.html":"nochange","link.php":"nochange"},"pagination":{"index.html":"nochange","link.php":"nochange","links.php":"nochange"},"quickicons":{"icon.php":"nochange","index.html":"nochange"},"searchtools":{"default":{"bar.php":"nochange","filters.php":"nochange","index.html":"nochange","list.php":"nochange"},"grid":{"index.html":"nochange","sort.php":"nochange"},"default.php":"nochange","index.html":"nochange"},"sidebars":{"index.html":"nochange","submenu.php":"nochange"},"system":{"index.html":"nochange","message.php":"nochange"},"tinymce":{"buttons":{"button.php":"nochange","index.html":"nochange"},"buttons.php":"nochange","index.html":"nochange","textarea.php":"nochange","togglebutton.php":"nochange"},"toolbar":{"base.php":"nochange","batch.php":"nochange","confirm.php":"nochange","containerclose.php":"nochange","containeropen.php":"nochange","help.php":"nochange","iconclass.php":"nochange","index.html":"nochange","link.php":"nochange","popup.php":"nochange","separator.php":"nochange","slider.php":"nochange","standard.php":"nochange","title.php":"nochange","versions.php":"nochange"},"index.html":"nochange"},"libraries":{"cms":{"html":{"bootstrap":{"addtab.php":"nochange","addtabscript.php":"nochange","endtab.php":"nochange","endtabset.php":"nochange","index.html":"nochange","starttabset.php":"nochange","starttabsetscript.php":"nochange"},"index.html":"nochange"},"index.html":"nochange"},"index.html":"nochange"},"index.html":"nochange"},"mod_breadcrumbs":{"default.php":"nochange","index.html":"nochange"},"mod_footer":{"default.php":"nochange","index.html":"nochange"},"mod_login":{"default.php":"nochange","index.html":"nochange"},"mod_menu":{"default.php":"nochange","default_component.php":"updated","default_heading.php":"nochange","default_separator.php":"nochange","default_url.php":"updated","index.html":"nochange"},"mod_search":{"default.php":"nochange","index.html":"nochange"},"index.html":"nochange","modules.php":"nochange","pagination.php":"nochange"},"imgs":{"blank.gif":"nochange"},"js":{"cssjanus.js":"nochange","frontend-edit.js":"updated","jquery-1.11.2.js":"nochange","jquery-1.11.2.min.js":"nochange","jquery.ckie.js":"nochange","jquery.equalheight.js":"nochange","jquery.noconflict.js":"nochange","jquery.tap.min.js":"nochange","less.js":"nochange","menu.js":"updated","off-canvas.js":"nochange","respond.min.js":"nochange","responsive.js":"nochange","script.js":"nochange","thememagic.js":"nochange"},"less":{"rtl":{"megamenu.less":"nochange","off-canvas.less":"nochange"},"frontend-edit.less":"nochange","global-modules-responsive.less":"nochange","global-modules.less":"nochange","global-typo-responsive.less":"nochange","global-typo.less":"nochange","grid-ext-responsive.less":"nochange","grid-ext.less":"nochange","layout-preview.less":"nochange","megamenu-responsive.less":"nochange","megamenu.less":"updated","mixins.less":"nochange","non-responsive.less":"nochange","off-canvas.less":"nochange","t3-responsive.less":"nochange","t3.less":"nochange","variables.less":"nochange"},"params":{"index.html":"nochange","template.xml":"nochange","thememagic.xml":"nochange"},"tpls":{"blocks":{"spotlight.php":"nochange"},"system":{"spotlight.php":"nochange","tp.php":"nochange"},"ajax.html.php":"nochange","ajax.json.php":"nochange","component.php":"nochange"},"component.php":"nochange","define.php":"nochange","error.php":"nochange","index.html":"nochange","index.php":"nochange","offline.php":"nochange"},"base-bs3":{"bootstrap":{"css":{"bootstrap-theme.css":"nochange","bootstrap-theme.css.map":"nochange","bootstrap-theme.min.css":"nochange","bootstrap.css":"nochange","bootstrap.css.map":"nochange","bootstrap.min.css":"nochange"},"fonts":{"glyphicons-halflings-regular.eot":"nochange","glyphicons-halflings-regular.svg":"nochange","glyphicons-halflings-regular.ttf":"nochange","glyphicons-halflings-regular.woff":"nochange"},"js":{"bootstrap.js":"nochange","bootstrap.min.js":"nochange"},"less":{"mixins":{"alerts.less":"nochange","background-variant.less":"nochange","border-radius.less":"nochange","buttons.less":"nochange","center-block.less":"nochange","clearfix.less":"nochange","forms.less":"nochange","gradients.less":"nochange","grid-framework.less":"nochange","grid.less":"nochange","hide-text.less":"nochange","image.less":"nochange","labels.less":"nochange","list-group.less":"nochange","nav-divider.less":"nochange","nav-vertical-align.less":"nochange","opacity.less":"nochange","pagination.less":"nochange","panels.less":"nochange","progress-bar.less":"nochange","reset-filter.less":"nochange","resize.less":"nochange","responsive-visibility.less":"nochange","size.less":"nochange","tab-focus.less":"nochange","table-row.less":"nochange","text-emphasis.less":"nochange","text-overflow.less":"nochange","vendor-prefixes.less":"nochange"},"alerts.less":"nochange","badges.less":"nochange","bootstrap.less":"nochange","breadcrumbs.less":"nochange","button-groups.less":"nochange","buttons.less":"nochange","carousel.less":"nochange","close.less":"nochange","code.less":"nochange","component-animations.less":"nochange","dropdowns.less":"nochange","forms.less":"nochange","glyphicons.less":"nochange","grid.less":"nochange","input-groups.less":"nochange","jumbotron.less":"nochange","labels.less":"nochange","list-group.less":"nochange","media.less":"nochange","mixins.less":"nochange","modals.less":"nochange","navbar.less":"nochange","navs.less":"nochange","normalize.less":"nochange","pager.less":"nochange","pagination.less":"nochange","panels.less":"nochange","popovers.less":"nochange","print.less":"nochange","progress-bars.less":"nochange","responsive-embed.less":"nochange","responsive-utilities.less":"nochange","scaffolding.less":"nochange","tables.less":"nochange","theme.less":"nochange","thumbnails.less":"nochange","tooltip.less":"nochange","type.less":"nochange","utilities.less":"nochange","variables.less":"nochange","wells.less":"nochange"}},"css":{"layout-preview.css":"nochange","megamenu-responsive.css":"nochange","megamenu.css":"updated","off-canvas.css":"nochange","thememagic.css":"nochange"},"etc":{"assets.xml":"nochange"},"fonts":{"font-awesome":{"css":{"font-awesome.css":"nochange","font-awesome.min.css":"nochange"},"font":{"FontAwesome.otf":"nochange","fontawesome-webfont.eot":"nochange","fontawesome-webfont.svg":"nochange","fontawesome-webfont.ttf":"nochange","fontawesome-webfont.woff":"nochange"}}},"html":{"com_config":{"modules":{"default.php":"nochange","default_details.php":"nochange","default_options.php":"nochange","default_positions.php":"nochange"}},"com_contact":{"categories":{"default.php":"nochange","default_items.php":"nochange","index.html":"nochange"},"category":{"default.php":"nochange","default_children.php":"nochange","default_items.php":"nochange","index.html":"nochange"},"contact":{"default.php":"nochange","default_address.php":"nochange","default_articles.php":"nochange","default_form.php":"nochange","default_links.php":"nochange","default_profile.php":"nochange","index.html":"nochange"},"featured":{"default.php":"nochange","default_items.php":"nochange","index.html":"nochange"},"index.html":"nochange"},"com_content":{"archive":{"default.php":"nochange","default_items.php":"nochange","index.html":"nochange"},"article":{"default.php":"nochange","default_links.php":"nochange","index.html":"nochange"},"categories":{"default.php":"nochange","default_items.php":"nochange","index.html":"nochange"},"category":{"blog.php":"nochange","blog_children.php":"nochange","blog_item.php":"nochange","blog_links.php":"nochange","default.php":"nochange","default_articles.php":"nochange","default_children.php":"nochange","index.html":"nochange"},"featured":{"default.php":"nochange","default_item.php":"nochange","default_links.php":"nochange","index.html":"nochange"},"form":{"edit.php":"nochange"},"icon.php":"nochange","index.html":"nochange"},"com_finder":{"search":{"default_form.php":"nochange"}},"com_mailto":{"mailto":{"default.php":"nochange","index.html":"nochange"}},"com_newsfeeds":{"category":{"default_items.php":"nochange","index.html":"nochange"},"index.html":"nochange"},"com_search":{"search":{"default.php":"nochange","default_error.php":"nochange","default_form.php":"nochange","default_results.php":"nochange"}},"com_tags":{"tag":{"default.php":"nochange","default_items.php":"nochange"},"tags":{"default.php":"nochange","default_items.php":"nochange"}},"com_users":{"login":{"default_login.php":"nochange","default_logout.php":"nochange","index.html":"nochange"},"profile":{"default.php":"nochange","default_core.php":"nochange","default_custom.php":"nochange","default_params.php":"nochange","edit.php":"nochange","index.html":"nochange"},"registration":{"complete.php":"nochange","default.php":"nochange","index.html":"nochange"},"remind":{"default.php":"nochange","index.html":"nochange"},"reset":{"complete.php":"nochange","confirm.php":"nochange","default.php":"nochange","index.html":"nochange"},"index.html":"nochange"},"com_weblinks":{"categories":{"default.php":"nochange","default_items.php":"nochange","index.html":"nochange"},"category":{"default.php":"nochange","default_children.php":"nochange","default_items.php":"nochange","index.html":"nochange"},"form":{"edit.php":"nochange","index.html":"nochange"},"index.html":"nochange"},"layouts":{"joomla":{"content":{"info_block":{"author.php":"nochange","block.php":"nochange","category.php":"nochange","create_date.php":"nochange","hits.php":"nochange","index.html":"nochange","modify_date.php":"nochange","parent_category.php":"nochange","publish_date.php":"updated"},"associations.php":"nochange","blog_style_default_item_title.php":"nochange","blog_style_default_links.php":"nochange","categories_default.php":"nochange","categories_default_items.php":"nochange","category_default.php":"nochange","fulltext_image.php":"nochange","icons.php":"updated","index.html":"nochange","intro_image.php":"nochange","item_title.php":"nochange","options_default.php":"nochange","tags.php":"nochange"},"edit":{"associations.php":"nochange","details.php":"nochange","fieldset.php":"nochange","frontediting_modules.php":"updated","global.php":"nochange","index.html":"nochange","item_title.php":"nochange","metadata.php":"nochange","params.php":"nochange","publishingdata.php":"nochange","title_alias.php":"nochange"},"editors":{"buttons":{"button.php":"nochange","index.html":"nochange"},"buttons.php":"nochange","index.html":"nochange"},"form":{"index.html":"nochange","renderfield.php":"nochange"},"links":{"groupclose.php":"nochange","groupopen.php":"nochange","groupsclose.php":"nochange","groupseparator.php":"nochange","groupsopen.php":"nochange","index.html":"nochange","link.php":"nochange"},"pagination":{"index.html":"nochange","link.php":"nochange","links.php":"nochange"},"quickicons":{"icon.php":"nochange","index.html":"nochange"},"searchtools":{"default":{"bar.php":"nochange","filters.php":"nochange","index.html":"nochange","list.php":"nochange"},"grid":{"index.html":"nochange","sort.php":"nochange"},"default.php":"nochange","index.html":"nochange"},"sidebars":{"index.html":"nochange","submenu.php":"nochange"},"system":{"index.html":"nochange","message.php":"nochange"},"tinymce":{"buttons":{"button.php":"nochange","index.html":"nochange"},"buttons.php":"nochange","index.html":"nochange","textarea.php":"nochange","togglebutton.php":"nochange"},"toolbar":{"base.php":"nochange","batch.php":"nochange","confirm.php":"nochange","containerclose.php":"nochange","containeropen.php":"nochange","help.php":"nochange","iconclass.php":"nochange","index.html":"nochange","link.php":"nochange","popup.php":"nochange","separator.php":"nochange","slider.php":"nochange","standard.php":"nochange","title.php":"nochange","versions.php":"nochange"},"index.html":"nochange"},"libraries":{"cms":{"html":{"bootstrap":{"addtab.php":"nochange","addtabscript.php":"nochange","endtab.php":"nochange","endtabset.php":"nochange","index.html":"nochange","starttabset.php":"nochange","starttabsetscript.php":"nochange"},"index.html":"nochange"},"index.html":"nochange"},"index.html":"nochange"},"index.html":"nochange"},"mod_breadcrumbs":{"default.php":"nochange","index.html":"nochange"},"mod_finder":{"default.php":"nochange","index.html":"nochange"},"mod_footer":{"default.php":"nochange","index.html":"nochange"},"mod_login":{"default.php":"nochange","index.html":"nochange"},"mod_menu":{"default.php":"nochange","default_component.php":"updated","default_heading.php":"nochange","default_separator.php":"nochange","default_url.php":"updated","index.html":"nochange"},"mod_search":{"default.php":"nochange","index.html":"nochange"},"index.html":"nochange","modules.php":"nochange","pagination.php":"nochange"},"imgs":{"blank.gif":"nochange"},"js":{"cssjanus.js":"nochange","frontend-edit.js":"updated","jquery-1.11.2.js":"nochange","jquery-1.11.2.min.js":"nochange","jquery.ckie.js":"nochange","jquery.equalheight.js":"nochange","jquery.noconflict.js":"nochange","jquery.tap.min.js":"nochange","less.js":"nochange","less.unmin.js":"nochange","menu.js":"updated","nav-collapse.js":"nochange","off-canvas.js":"updated","respond.min.js":"nochange","script.js":"nochange","thememagic.js":"nochange"},"less":{"rtl":{"megamenu.less":"nochange","off-canvas.less":"nochange"},"frontend-edit.less":"nochange","layout-preview-variables.less":"nochange","layout-preview.less":"nochange","legacy-forms.less":"nochange","legacy-grid.less":"nochange","legacy-navigation.less":"nochange","megamenu.less":"updated","mixins.less":"nochange","non-responsive-variables.less":"nochange","non-responsive.less":"nochange","off-canvas.less":"nochange","t3.less":"nochange","variables.less":"nochange"},"params":{"index.html":"nochange","template.xml":"updated","thememagic.xml":"nochange"},"tpls":{"blocks":{"off-canvas.php":"nochange","spotlight.php":"nochange"},"system":{"spotlight.php":"nochange","tp.php":"nochange"},"addon.php":"nochange","ajax.html.php":"nochange","ajax.json.php":"nochange","component.php":"nochange"},"component.php":"nochange","define.php":"nochange","error.php":"nochange","index.html":"nochange","index.php":"nochange","offline.php":"nochange"},"includes":{"admin":{"layout.php":"nochange","megamenu.php":"nochange","theme.php":"updated"},"core":{"action.php":"nochange","admin.php":"nochange","ajax.php":"nochange","bot.php":"updated","defines.php":"nochange","less.php":"nochange","minify.php":"nochange","path.php":"nochange","t3.php":"updated","t3j.php":"nochange","template.php":"updated","templatelayout.php":"nochange"},"depend":{"css":{"depend.css":"nochange","index.html":"nochange"},"images":{"admin-bg.gif":"nochange","apply.gif":"nochange","arrow-blue.png":"nochange","arrow-level1.png":"nochange","arrow-list.gif":"nochange","block-head.gif":"nochange","block-setting.gif":"nochange","bt-close.gif":"nochange","cancel.gif":"nochange","close-all.png":"nochange","copy.png":"nochange","del.gif":"nochange","del2.gif":"nochange","grad.png":"nochange","icon-default.png":"nochange","icon-message.png":"nochange","icon-move.png":"nochange","icon-moved.png":"nochange","icon-save.png":"nochange","icon-success.png":"nochange","index.html":"nochange","level1-block.gif":"nochange","level2-block.gif":"nochange","level2-close.gif":"nochange","lightbulb.png":"nochange","message-bg.gif":"nochange","normal-check.jpg":"nochange","open-all.png":"nochange","popup-list.gif":"nochange","success-bg.gif":"nochange","table-bg.gif":"nochange","tabs-setting.gif":"nochange","themes-default.gif":"nochange","toggle-btn.png":"nochange","tooltip-bg.gif":"nochange"},"js":{"depend.js":"nochange","index.html":"nochange"},"tpls":{"profile.php":"nochange"},"helper.php":"nochange","index.html":"nochange","t3depend.php":"nochange","t3filelist.php":"updated","t3folderlist.php":"updated","t3form.php":"nochange","t3layoutlist.php":"updated","t3media.php":"nochange","t3megamenu.php":"nochange","t3modules.php":"nochange","t3positions.php":"nochange"},"extendable":{"extendable.php":"nochange","object.4.php":"nochange","object.5.php":"nochange"},"format":{"less.php":"nochange","less3.3.php":"nochange"},"gfont":{"T3GFont.php":"nochange"},"jacssjanus":{"csslex.php":"nochange","ja.cssjanus.php":"nochange","test.php":"nochange"},"joomla25":{"html":{"bootstrap.php":"nochange","jquery.php":"nochange","string.php":"nochange"},"layout":{"base.php":"nochange","file.php":"nochange","helper.php":"nochange","index.html":"nochange","layout.php":"nochange"},"modulehelper.php":"nochange","pagination.php":"nochange","view.php":"nochange"},"joomla30":{"modulehelper.php":"nochange","pagination.php":"nochange","viewhtml.php":"nochange","viewlegacy.php":"nochange"},"lessphp":{"less":{"cache.php":"nochange","less.php":"nochange","version.php":"nochange"},"legacy.less.php":"nochange","less.php":"nochange","lessc.inc.php":"nochange"},"menu":{"megamenu.php":"nochange","megamenu.tpl.php":"updated","t3bootstrap.php":"nochange","t3bootstrap.tpl.php":"updated"},"minify":{"closurecompiler.php":"nochange","csscompressor.php":"nochange","jsmin.php":"nochange"},"renderer":{"megamenu.php":"nochange","megamenurender.php":"nochange","pageclass.php":"nochange","t3ajax.php":"nochange","t3bootstrap.php":"nochange"}},"language":{"en-GB":{"en-GB.plg_system_t3.ini":"updated","en-GB.plg_system_t3.j25.compat.ini":"nochange","en-GB.plg_system_t3.sys.ini":"nochange"}},"index.html":"nochange","t3.php":"updated","t3.script.php":"updated","t3.xml":"updated"}