{"acm":{"sample":{"css":{"style.css":"nochange"},"js":{"script.js":"nochange"},"less":{"style.less":"nochange"},"tmpl":{"style-1.php":"nochange"},"config.xml":"nochange"}},"admin":{"assets":{"jBox":{"audio":{"LICENCE.txt":"nochange","beep1.mp3":"nochange","beep1.ogg":"nochange","beep2.mp3":"nochange","beep2.ogg":"nochange","beep3.mp3":"nochange","beep3.ogg":"nochange","bling1.mp3":"nochange","bling1.ogg":"nochange","bling2.mp3":"nochange","bling2.ogg":"nochange","bling3.mp3":"nochange","bling3.ogg":"nochange","bling4.mp3":"nochange","bling4.ogg":"nochange","bling5.mp3":"nochange","bling5.ogg":"nochange","blop.mp3":"nochange","blop.ogg":"nochange","boop1.mp3":"nochange","boop1.ogg":"nochange","boop2.mp3":"nochange","boop2.ogg":"nochange","boop3.mp3":"nochange","boop3.ogg":"nochange"},"themes":{"ModalBorder.css":"nochange","NoticeBorder.css":"nochange","TooltipBorder.css":"nochange","TooltipDark.css":"nochange"},"jBox.css":"nochange","jBox.js":"nochange","jBox.min.js":"nochange"},"icon-32-advanced.png":"nochange","jalist.css":"nochange","jalist.js":"nochange","jatable.css":"nochange","jatable.js":"nochange","script.js":"updated","style.css":"nochange"},"fields":{"jaacm.php":"updated","jachecklist.php":"nochange","jafield.php":"nochange","jalist.php":"nochange","jatable.php":"nochange"},"tmpl":{"field-jaacm-select-layout.php":"nochange","field-jaacm-type.php":"nochange","field-jaacm.php":"nochange","field-jalist.php":"nochange","field-jatable.php":"nochange","jachecklist.php":"nochange","layout-config.php":"nochange","layout-fieldset-hoz.php":"nochange","layout-fieldset.php":"nochange","layouts-config.php":"nochange"}},"language":{"en-GB":{"en-GB.mod_ja_acm.ini":"nochange","en-GB.mod_ja_acm.sys.ini":"nochange"}},"chrome.php":"nochange","helper.php":"updated","index.html":"nochange","mod_ja_acm.php":"nochange","mod_ja_acm.xml":"updated"}